nu_ano_censo;no_regiao;sg_uf;no_municipio;no_entidade;qt_mat_bas;dt_ano_letivo_inicio
2024;Norte;RO;Ariquemes;SENAC ARIQUEMES;56.0;2024-01-22
2024;Norte;RO;Cacoal;SENAC-CACOAL-RO;196.0;2024-01-22
2024;Norte;RO;Jaru;SERVICO NACIONAL DE APRENDIZAGEM COMERCIAL - SENAC JARU;109.0;2024-01-22
2024;Norte;RO;Ji-Paraná;SERVICO NACIONAL DE APRENDIZAGEM COMERCIAL - SENAC JI-PARANA;54.0;2024-01-22
2024;Norte;RO;Pimenta Bueno;CENTRO DE EDUCACAO PROFISSIONAL SENAC PIMENTA BUENO;75.0;2024-01-22
2024;Norte;RO;Porto Velho;CENTRO DE EDUCACAO PROFISSIONAL SENAC ESPLANADA;210.0;2024-01-22
2024;Norte;RO;Vilhena;SENAC VILHENA;34.0;2024-01-22
2024;Norte;AM;Manaus;CENTRO DE FORMACAO PROFISSIONAL FERNANDO ALFREDO PEQUENO FRANCO - SENAC;78.0;2024-01-31
2024;Norte;RR;Boa Vista;SERVICO NACIONAL DE APRENDIZAGEM COMERCIAL - SENAC;264.0;2024-02-05
2024;Norte;PA;Barcarena;NUCLEO DE EDUCACAO PROFISSIONAL DE BARCARENA - SENAC;73.0;2024-01-02
2024;Norte;PA;Belém;CENTRO DE EDUCACAO PROFISSIONAL PROFESSOR RAYMUNDO ALBERTO PAPALEO PAES - SENAC;133.0;2024-01-02
2024;Norte;AP;Macapá;SERVICO NACIONAL DE APRENDIZAGEM COMERCIAL - SENAC DRAP;163.0;2024-01-02
2024;Nordeste;MA;Pinheiro;SERVICO NACIONAL DE APRENDIZAGEM COMERCIAL SENAC;97.0;2024-01-02
2024;Nordeste;CE;Crato;CENTRO DE EDUCACAO PROFISSIONAL DE CRATO - SENAC;217.0;2024-01-02
2024;Nordeste;CE;Sobral;CENTRO DE EDUCACAO PROFISSIONAL DE SOBRAL - SENAC;12.0;2024-03-20
2024;Nordeste;RN;Natal;SERVICO NACIONAL DE APRENDIZAGEM COMERCIAL - SENAC ZONA SUL;16.0;2024-01-02
2024;Nordeste;RN;Natal;SERVICO NACIONAL DE APRENDIZAGEM COMERCIAL - SENAC CENTRO;165.0;2024-01-02
2024;Nordeste;RN;Natal;SERVICO NACIONAL DE APRENDIZAGEM COMERCIAL - SENAC ALECRIM;26.0;2024-01-02
2024;Nordeste;RN;Natal;SERVICO NACIONAL DE APRENDIZAGEM COMERCIAL - SENAC ZONA NORTE;49.0;2024-01-02
2024;Nordeste;RN;Natal;SERVICO NACIONAL DE APRENDIZAGEM COMERCIAL - SENAC BARREIRA ROXA;57.0;2024-01-02
2024;Nordeste;PE;Caruaru;SERVICO NACIONAL DE APRENDIZAGEM COMERCIAL SENAC;352.0;2024-02-05
2024;Nordeste;PE;Garanhuns;SENAC CENTRO DE FOR PROFS JOSE HENRIQUE DE BARROS;212.0;2024-01-02
2024;Nordeste;PE;Paulista;SENAC CENTRO DE FORMACAO PROFISSIONAL DO PAULISTA;233.0;2024-02-15
2024;Nordeste;PE;Petrolina;SENAC-SERVICO NACIONAL DE APREDIZAGEM COMERCIAL;142.0;2024-01-02
2024;Nordeste;PE;Serra Talhada;CEP SENAC SERRA TALHADA;47.0;2024-01-02
2024;Nordeste;PE;Vitória de Santo Antão;SERVICO NACIONAL DE APRENDIZAGEM COMERCIAL - SENAC;37.0;2024-01-02
2024;Nordeste;AL;Arapiraca;SERVICO NACIONAL DE APRENDIZAGEM COMERCIAL - SENAC - AGRESTE;405.0;2024-01-02
2024;Nordeste;AL;Maceió;SERVICO NACIONAL DE APRENDIZAGEM COMERCIAL SENAC AL - UNIDADE CARLOS MILITO;1364.0;2024-01-02
2024;Nordeste;AL;Maceió;SENAC SERVICO NACIONAL DE APRENDIZAGEM COMERCIAL CENTRO INTEGRADO DE HOTELARIA E TURISMO;263.0;2024-01-05
2024;Nordeste;SE;Aracaju;SENAC - CENTRO DE EDUCACAO PROFISSIONAL PROFESSOR CARLOS ALBERTO SAMPAIO;1005.0;2024-01-08
2024;Nordeste;SE;Itabaiana;SERVICO NACIONAL DE APRENDIZAGEM COMERCIAL - SENAC ITABAIANA;314.0;2024-01-08
2024;Nordeste;SE;Lagarto;SENAC - SERVICO NACIONAL DE APRENDIZAGEM COMERCIAL - LAGARTO;264.0;2024-01-08
2024;Nordeste;SE;Nossa Senhora da Glória;SENAC- CENTRO DE EDUCACAO PROFISSIONAL MARIA JOSE DOS SANTOS;71.0;2024-01-08
2024;Nordeste;SE;Propriá;CENTRO DE EDUCACAO PROFISSIONAL JOSE MARCOS DE ANDRADE - SENAC;41.0;2024-01-08
2024;Nordeste;SE;Tobias Barreto;CENTRO DE EDUCACAO PROFISSIONAL JOSAFA RIBEIRO DE ALMEIDA - SENAC;73.0;2024-01-08
2024;Nordeste;BA;Porto Seguro;SERVICO NACIONAL DE APRENDIZAGEM COMERCIAL - SENAC PORTO SEGURO;81.0;2024-01-01
2024;Nordeste;BA;Salvador;SENAC - SERVICO NACIONAL DE APRENDIZAGEM COMERCIAL;113.0;2024-01-02
2024;Nordeste;BA;Salvador;SENAC-SERVICO NACIONAL DE APRENDIZAGEM COMERCIAL;16.0;2024-05-06
2024;Nordeste;BA;Salvador;SERVICO NACIONAL DE APRENDIZAGEM COMERCIAL - SENAC;53.0;2024-01-01
2024;Sudeste;MG;Alfenas;SENAC - UNIDADE DE ENSINO TECNICO DO CEP ALFENAS;309.0;2024-01-02
2024;Sudeste;MG;Araxá;SENAC - UNIDADE DE ENSINO TECNICO DO CEP ARAXA;222.0;2024-01-02
2024;Sudeste;MG;Barbacena;SENAC - UNIDADE DE ENSINO TECNICO DO CEP BARBACENA;213.0;2024-01-02
2024;Sudeste;MG;Belo Horizonte;SENAC- UNIDADE DE ENSINO TECNICO DO CEP BELO HORIZONTE;1254.0;2024-01-02
2024;Sudeste;MG;Belo Horizonte;SENAC - UNIDADE DE ENSINO TECNICO DO CEP SENAC GUAJAJARAS;286.0;2024-01-02
2024;Sudeste;MG;Belo Horizonte;SENAC - UNIDADE DE ENSINO TECNICO DO CEP SENAC VENDA NOVA;792.0;2024-01-02
2024;Sudeste;MG;Betim;SENAC - UNIDADE DE ENSINO TECNICO DO CEP BETIM;278.0;2024-01-02
2024;Sudeste;MG;Conselheiro Lafaiete;SENAC - UNIDADE DE ENSINO TECNICO DO CEP CONSELHEIRO LAFAIETE;516.0;2024-01-02
2024;Sudeste;MG;Contagem;SENAC - UNIDADE DE ENSINO TECNICO DA FACULDADE SENAC MINAS;1315.0;2024-01-02
2024;Sudeste;MG;Coromandel;SENAC - UNIDADE DE ENSINO TECNICO DO CEP DE COROMANDEL;91.0;2024-01-02
2024;Sudeste;MG;Coronel Fabriciano;SENAC - UNIDADE DE ENSINO TECNICO DO CEP CORONEL FABRICIANO;341.0;2024-01-02
2024;Sudeste;MG;Curvelo;SENAC - UNIDADE DE ENSINO TECNICO DO CEP CURVELO;178.0;2024-01-02
2024;Sudeste;MG;Diamantina;SENAC - UNIDADE DE ENSINO TECNICO DO CEP DIAMANTINA;72.0;2024-01-02
2024;Sudeste;MG;Divinópolis;SENAC - UNIDADE DE ENSINO TECNICO DO CEP DIVINOPOLIS;599.0;2024-01-02
2024;Sudeste;MG;Governador Valadares;SENAC - UNIDADE DE ENSINO TECNICO DO CEP GOVERNADOR VALADARES;506.0;2024-01-02
2024;Sudeste;MG;Guaxupé;SENAC - UNIDADE DE ENSINO TECNICO DO CEP GUAXUPE;151.0;2024-01-02
2024;Sudeste;MG;Ipatinga;SENAC - UNIDADE DE ENSINO TECNICO DO CEP IPATINGA;309.0;2024-01-02
2024;Sudeste;MG;Itabira;SENAC - UNIDADE DE ENSINO TECNICO DO CEP ITABIRA;330.0;2024-01-02
2024;Sudeste;MG;Itajubá;SENAC - UNIDADE DE ENSINO TECNICO DO CEP ITAJUBA;345.0;2024-01-02
2024;Sudeste;MG;Ituiutaba;SENAC - UNIDADE DE ENSINO TECNICO DO CEP ITUIUTABA;177.0;2024-01-02
2024;Sudeste;MG;Juiz de Fora;SENAC - UNIDADE DE ENSINO TECNICO DO CEP JUIZ DE FORA;914.0;2024-01-02
2024;Sudeste;MG;Lavras;SENAC - UNIDADE DE ENSINO TECNICO DO CEP LAVRAS;268.0;2024-01-02
2024;Sudeste;MG;Manhuaçu;SENAC - UNIDADE DE ENSINO TECNICO DO CEP MANHUACU;192.0;2024-01-02
2024;Sudeste;MG;Montes Claros;SENAC - UNIDADE DE ENSINO TECNICO DO CEP MONTES CLAROS;578.0;2024-01-02
2024;Sudeste;MG;Patos de Minas;SENAC - UNIDADE DE ENSINO TECNICO DO CEP PATOS DE MINAS;416.0;2024-01-02
2024;Sudeste;MG;Patrocínio;SENAC - UNIDADE DE ENSINO TECNICO DO CEP SENAC PATROCINIO;95.0;2024-01-02
2024;Sudeste;MG;Poços de Caldas;SENAC - UNIDADE DE ENSINO TECNICO DO CEP DE POCOS DE CALDAS;437.0;2024-01-02
2024;Sudeste;MG;Pouso Alegre;SENAC - UNIDADE DE ENSINO TECNICO DO CEP POUSO ALEGRE;758.0;2024-01-02
2024;Sudeste;MG;São João del Rei;SENAC - UNIDADE DE ENSINO TECNICO DO CEP SAO JOAO DEL REI;191.0;2024-01-02
2024;Sudeste;MG;Sete Lagoas;SENAC - UNIDADE DE ENSINO TECNICO DO CEP DE SETE LAGOAS;640.0;2024-01-02
2024;Sudeste;MG;Tiradentes;CENTRO DE EDUCACAO PROFISSIONAL SENAC TIRADENTES;3.0;2024-01-02
2024;Sudeste;MG;Três Corações;SENAC - UNIDADE DE ENSINO TECNICO DO CEP TRES CORACOES;646.0;2024-01-02
2024;Sudeste;MG;Uberaba;SENAC - UNIDADE DE ENSINO TECNICO DO CEP UBERABA;727.0;2024-01-02
2024;Sudeste;MG;Uberlândia;SENAC - UNIDADE DE ENSINO TECNICO DO CEP UBERLANDIA;635.0;2024-01-02
2024;Sudeste;MG;Varginha;SENAC - UNIDADE DE ENSINO TECNICO DO CEP VARGINHA;464.0;2024-01-02
2024;Sudeste;ES;Vitória;SERVICO NACIONAL DE APRENDIZAGEM COMERCIAL - SENAC;1490.0;2024-02-05
2024;Sudeste;RJ;Barra do Piraí;SENAC BARRA DO PIRAI;105.0;2024-01-08
2024;Sudeste;RJ;Barra Mansa;SENAC BARRA MANSA;31.0;2024-01-08
2024;Sudeste;RJ;Cabo Frio;SENAC CABO FRIO;91.0;2024-01-08
2024;Sudeste;RJ;Campos dos Goytacazes;SENAC CAMPOS;466.0;2024-01-08
2024;Sudeste;RJ;Itaperuna;SENAC ITAPERUNA;108.0;2024-01-08
2024;Sudeste;RJ;Macaé;SENAC MACAE;100.0;2024-01-08
2024;Sudeste;RJ;Niterói;SENAC NITEROI;451.0;2024-01-08
2024;Sudeste;RJ;Nova Friburgo;SENAC NOVA FRIBURGO;173.0;2024-01-08
2024;Sudeste;RJ;Nova Iguaçu;SENAC NOVA IGUACU;603.0;2024-01-08
2024;Sudeste;RJ;Petrópolis;SENAC PETROPOLIS;177.0;2024-01-08
2024;Sudeste;RJ;Resende;SENAC RESENDE;280.0;2024-01-08
2024;Sudeste;RJ;Rio das Ostras;SENAC RIO DAS OSTRAS;51.0;2024-01-08
2024;Sudeste;RJ;Rio de Janeiro;SENAC IRAJA;357.0;2024-01-08
2024;Sudeste;RJ;Rio de Janeiro;SENAC BOTAFOGO;300.0;2024-01-08
2024;Sudeste;RJ;Rio de Janeiro;SENAC MADUREIRA;548.0;2024-01-08
2024;Sudeste;RJ;Rio de Janeiro;SENAC MARECHAL FLORIANO;59.0;2024-01-08
2024;Sudeste;RJ;Rio de Janeiro;SENAC COPACABANA;194.0;2024-01-08
2024;Sudeste;RJ;Rio de Janeiro;SENAC BARRA DA TIJUCA;139.0;2024-01-08
2024;Sudeste;RJ;Rio de Janeiro;SENAC CAMPO GRANDE;557.0;2024-01-08
2024;Sudeste;RJ;Rio de Janeiro;SENAC BONSUCESSO;505.0;2024-01-08
2024;Sudeste;RJ;Santo Antônio de Pádua;SENAC SANTO ANTONIO PADUA;126.0;2024-01-08
2024;Sudeste;RJ;São João de Meriti;SENAC SAO JOAO DE MERITI;26.0;2024-01-08
2024;Sudeste;RJ;Teresópolis;SENAC TERESOPOLIS;424.0;2024-01-08
2024;Sudeste;RJ;Três Rios;SENAC TRES RIOS;78.0;2024-01-08
2024;Sudeste;RJ;Volta Redonda;SENAC VOLTA REDONDA;45.0;2024-01-08
2024;Sudeste;SP;Águas de São Pedro;SENAC HOTEL ESCOLA GRANDE HOTEL SAO PEDRO;63.0;2024-02-15
2024;Sudeste;SP;Americana;SENAC AMERICANA;692.0;2024-02-15
2024;Sudeste;SP;Araçatuba;SENAC ARACATUBA;659.0;2024-02-15
2024;Sudeste;SP;Araraquara;SENAC ARARAQUARA;762.0;2024-02-15
2024;Sudeste;SP;Barretos;SENAC BARRETOS;514.0;2024-02-15
2024;Sudeste;SP;Bauru;SENAC BAURU;1042.0;2024-02-15
2024;Sudeste;SP;Bebedouro;SENAC BEBEDOURO;571.0;2024-02-15
2024;Sudeste;SP;Bertioga;SENAC BERTIOGA;118.0;2024-02-15
2024;Sudeste;SP;Botucatu;SENAC BOTUCATU;307.0;2024-02-15
2024;Sudeste;SP;Campinas;SENAC CAMPINAS;2179.0;2024-02-15
2024;Sudeste;SP;Campos do Jordão;SENAC HOTEL ESCOLA GRANDE HOTEL CAMPOS DO JORDAO;115.0;2024-02-15
2024;Sudeste;SP;Catanduva;SENAC CATANDUVA;423.0;2024-02-15
2024;Sudeste;SP;Franca;SENAC FRANCA;502.0;2024-02-15
2024;Sudeste;SP;Guaratinguetá;SENAC GUARATINGUETA;1099.0;2024-02-15
2024;Sudeste;SP;Guarulhos;SENAC GUARULHOS FACCINI;465.0;2024-02-15
2024;Sudeste;SP;Guarulhos;SENAC GUARULHOS CELESTINO;340.0;2024-02-15
2024;Sudeste;SP;Itapetininga;SENAC ITAPETININGA;690.0;2024-02-15
2024;Sudeste;SP;Itapira;SENAC ITAPIRA;166.0;2024-02-15
2024;Sudeste;SP;Itu;SENAC ITU;160.0;2024-02-15
2024;Sudeste;SP;Jaboticabal;SENAC JABOTICABAL;391.0;2024-02-15
2024;Sudeste;SP;Jaú;SENAC JAU;302.0;2024-02-15
2024;Sudeste;SP;Jundiaí;SENAC JUNDIAI;684.0;2024-02-15
2024;Sudeste;SP;Limeira;SENAC LIMEIRA;712.0;2024-02-15
2024;Sudeste;SP;Marília;SENAC MARILIA;578.0;2024-02-15
2024;Sudeste;SP;Mogi Guaçu;SENAC MOGI GUACU;613.0;2024-02-15
2024;Sudeste;SP;Osasco;SENAC OSASCO;524.0;2024-02-15
2024;Sudeste;SP;Ourinhos;SENAC OURINHOS;452.0;2024-02-15
2024;Sudeste;SP;Pindamonhangaba;SENAC PINDAMONHANGABA;954.0;2024-02-15
2024;Sudeste;SP;Piracicaba;SENAC PIRACICABA;1201.0;2024-02-15
2024;Sudeste;SP;Presidente Prudente;SENAC PRESIDENTE PRUDENTE;288.0;2024-01-29
2024;Sudeste;SP;Registro;SENAC REGISTRO;547.0;2024-02-15
2024;Sudeste;SP;Ribeirão Preto;SENAC RIBEIRAO PRETO;1421.0;2024-01-15
2024;Sudeste;SP;Rio Claro;SENAC RIO CLARO;421.0;2024-02-15
2024;Sudeste;SP;Salto;SENAC SALTO;479.0;2024-02-15
2024;Sudeste;SP;Santo André;SENAC SANTO ANDRE;1148.0;2024-02-15
2024;Sudeste;SP;Santos;SENAC SANTOS;1086.0;2024-02-15
2024;Sudeste;SP;São Bernardo do Campo;SENAC SAO BERNARDO DO CAMPO;1736.0;2024-02-15
2024;Sudeste;SP;São Carlos;SENAC SAO CARLOS;1006.0;2024-02-15
2024;Sudeste;SP;São João da Boa Vista;SENAC SAO JOAO DA BOA VISTA;134.0;2024-02-15
2024;Sudeste;SP;São José do Rio Preto;SENAC SAO JOSE DO RIO PRETO;1115.0;2024-02-15
2024;Sudeste;SP;São José dos Campos;SENAC SAO JOSE DOS CAMPOS;1059.0;2024-02-15
2024;Sudeste;SP;São Paulo;SENAC TIRADENTES;1022.0;2024-02-15
2024;Sudeste;SP;São Paulo;SENAC NACOES UNIDAS;2320.0;2024-01-23
2024;Sudeste;SP;São Paulo;SENAC JARDIM PRIMAVERA;180.0;2024-02-15
2024;Sudeste;SP;São Paulo;SENAC ITAQUERA;473.0;2024-02-15
2024;Sudeste;SP;São Paulo;SENAC JABAQUARA;843.0;2024-02-15
2024;Sudeste;SP;São Paulo;SENAC LAPA SCIPIAO;629.0;2024-02-15
2024;Sudeste;SP;São Paulo;SENAC LAPA FAUSTOLO;216.0;2024-02-15
2024;Sudeste;SP;São Paulo;SENAC LAPA TITO;1710.0;2024-02-15
2024;Sudeste;SP;São Paulo;SENAC ACLIMACAO;799.0;2024-02-15
2024;Sudeste;SP;São Paulo;SENAC PENHA;387.0;2024-02-15
2024;Sudeste;SP;São Paulo;SENAC FRANCISCO MATARAZZO;838.0;2024-02-15
2024;Sudeste;SP;São Paulo;SENAC SANTANA;383.0;2024-02-15
2024;Sudeste;SP;São Paulo;SENAC LARGO TREZE;960.0;2024-02-15
2024;Sudeste;SP;São Paulo;SENAC SAO MIGUEL PAULISTA;2208.0;2024-02-15
2024;Sudeste;SP;São Paulo;SENAC TATUAPE SERRA DE BRAGANCA;186.0;2024-02-15
2024;Sudeste;SP;São Paulo;SENAC TATUAPE CEL LUIS AMERICANO;443.0;2024-02-15
2024;Sudeste;SP;São Paulo;SENAC VILA PRUDENTE;578.0;2024-02-15
2024;Sudeste;SP;Sorocaba;SENAC SOROCABA;1370.0;2024-01-29
2024;Sudeste;SP;Taboão da Serra;SENAC TABOAO DA SERRA;823.0;2024-01-04
2024;Sudeste;SP;Taubaté;SENAC TAUBATE;455.0;2024-02-15
2024;Sudeste;SP;Votuporanga;SENAC VOTUPORANGA;282.0;2024-02-15
2024;Sul;PR;Apucarana;UEPT 5 - UNIDADE DE EDUCACAO PRO E TECNOLOGICA DE APUCARANA- SENAC;163.0;2024-01-08
2024;Sul;PR;Arapongas;UEPT 48 - UNIDADE DE EDUCACAO PRO E TECNOLOGICA DE ARAPONGAS- SENAC;139.0;2024-01-08
2024;Sul;PR;Bela Vista do Paraíso;UEPT 52 - UNIDADE DE EDUCACAO PRO E TECNOLOGICA DE BELA VISTA DO PARAISO- SENAC;11.0;2024-01-08
2024;Sul;PR;Campo Mourão;UEPT 11 - UNIDADE DE EDUCACAO PRO E TECNOLOGICA DE CAMPO MOURAO- SENAC;403.0;2024-01-08
2024;Sul;PR;Cascavel;UEPT 4 - UNIDADE DE EDUCACAO PRO E TECNOLOGICA DE CASCAVEL- SENAC;353.0;2024-01-08
2024;Sul;PR;Castro;UEPT 14 - UNIDADE DE EDUCACAO PRO E TECNOLOGICA DE CASTRO- SENAC;194.0;2024-01-08
2024;Sul;PR;Cornélio Procópio;UEPT 30 - UNIDADE DE EDUCACAO PRO E TECNOLOGICA DE CORNELIO PROCOPIO- SENAC;126.0;2024-01-08
2024;Sul;PR;Curitiba;UEPT 46 - UNIDADE DE EDUCACAO PRO E TECNOLOGICA DE CURITIBA PORTAO- SENAC;1657.0;2024-01-08
2024;Sul;PR;Curitiba;UEPT 1 - UNIDADE DE EDUCACAO PRO E TECNOLOGICA DE CURITIBA CENTRO- SENAC;2033.0;2024-01-08
2024;Sul;PR;Foz do Iguaçu;UEPT 6 - UNIDADE DE EDUCACAO PRO E TECNOLOGICA DE FOZ DO IGUACU- SENAC;378.0;2024-01-08
2024;Sul;PR;Francisco Beltrão;UEPT 16 - UNIDADE DE EDUCACAO PRO E TECNOLOGICA DE FRANCISCO BELTRAO- SENAC;188.0;2024-01-08
2024;Sul;PR;Guarapuava;UEPT 7 - UNIDADE DE EDUCACAO PRO E TECNOLOGICA DE GUARAPUAVA- SENAC;256.0;2024-01-08
2024;Sul;PR;Irati;UEPT 17 - UNIDADE DE EDUCACAO PRO E TECNOLOGICA DE IRATI- SENAC;155.0;2024-01-08
2024;Sul;PR;Ivaiporã;UEPT 22 - UNIDADE DE EDUCACAO PRO E TECNOLOGICA DE IVAIPORA- SENAC;150.0;2024-01-08
2024;Sul;PR;Jacarezinho;UEPT 19 - UNIDADE DE EDUCACAO PRO E TECNOLOGICA DE JACAREZINHO- SENAC;174.0;2024-01-08
2024;Sul;PR;Londrina;UEPT 2 - UNIDADE DE EDUCACAO PRO E TECNOLOGICA DE LONDRINA CENTRO- SENAC;416.0;2024-01-08
2024;Sul;PR;Londrina;UEPT 42 - UNIDADE DE EDUCACAO PRO E TECNOLOGICA DE LONDRINA NORTE- SENAC;406.0;2024-01-08
2024;Sul;PR;Marechal Cândido Rondon;UEPT 37 - UNIDADE DE EDUCACAO PRO E TECNOLOGICA DE MARECHAL CANDIDO RONDON- SENAC;117.0;2024-01-08
2024;Sul;PR;Maringá;UEPT 3 - UNIDADE DE EDUCACAO PRO E TECNOLOGICA DE MARINGA- SENAC;483.0;2024-01-08
2024;Sul;PR;Matinhos;UEPT 34 - UNIDADE DE EDUCACAO PRO E TECNOLOGICA DE MATINHOS CAIOBA- SENAC;265.0;2024-01-08
2024;Sul;PR;Medianeira;UEPT 36 - UNIDADE DE EDUCACAO PRO E TECNOLOGICA DE MEDIANEIRA- SENAC;173.0;2024-01-08
2024;Sul;PR;Nova Londrina;UEPT 47 - UNIDADE DE EDUCACAO PRO E TECNOLOGICA DE NOVA LONDRINA- SENAC;97.0;2024-01-08
2024;Sul;PR;Palmas;UEPT 31 - UNIDADE DE EDUCACAO PRO E TECNOLOGICA DE PALMAS- SENAC;28.0;2024-01-08
2024;Sul;PR;Paranaguá;UEPT 12 - UNIDADE DE EDUCACAO PRO E TECNOLOGICA DE PARANAGUA- SENAC;344.0;2024-01-08
2024;Sul;PR;Paranavaí;UEPT 13 - UNIDADE DE EDUCACAO PRO E TECNOLOGICA DE PARANAVAI- SENAC;328.0;2024-01-08
2024;Sul;PR;Pato Branco;UEPT 9 - UNIDADE DE EDUCACAO PRO E TECNOLOGICA DE PATO BRANCO- SENAC;148.0;2024-01-08
2024;Sul;PR;Ponta Grossa;UEPT 8 - UNIDADE DE EDUCACAO PRO E TECNOLOGICA DE PONTA GROSSA- SENAC;326.0;2024-01-08
2024;Sul;PR;Ponta Grossa;UEPT 50 - UNIDADE DE EDUCACAO PRO E TECNOLOGICA DE PONTA GROSSA ESTACAO SAUDADE- SENAC;5.0;2024-01-08
2024;Sul;PR;Prudentópolis;UEPT 28 - UNIDADE DE EDUCACAO PRO E TECNOLOGICA DE PRUDENTOPOLIS- SENAC;33.0;2024-01-08
2024;Sul;PR;Rio Negro;UEPT 38 - UNIDADE DE EDUCACAO PRO E TECNOLOGICA DE RIO NEGRO- SENAC;87.0;2024-01-08
2024;Sul;PR;Santo Antônio da Platina;UEPT 21 - UNIDADE DE EDUCACAO PRO E TECNOLOGICA DE SANTO ANTONIO DA PLATINA- SENAC;15.0;2024-01-08
2024;Sul;PR;São José dos Pinhais;UEPT 39 - UNIDADE DE EDUCACAO PRO E TECNOLOGICA DE SAO JOSE DOS PINHAIS- SENAC;262.0;2024-01-08
2024;Sul;PR;São Mateus do Sul;UEPT 29 - UNIDADE DE EDUCACAO PRO E TECNOLOGICA DE SAO MATEUS DO SUL- SENAC;94.0;2024-01-08
2024;Sul;PR;Toledo;UEPT 15 - UNIDADE DE EDUCACAO PRO E TECNOLOGICA DE TOLEDO- SENAC;195.0;2024-01-08
2024;Sul;PR;Umuarama;UEPT 10 - UNIDADE DE EDUCACAO PRO E TECNOLOGICA DE UMUARAMA- SENAC;264.0;2024-01-08
2024;Sul;PR;União da Vitória;UEPT 18 - UNIDADE DE EDUCACAO PRO E TECNOLOGICA DE UNIAO DA VITORIA- SENAC;266.0;2024-01-08
2024;Sul;SC;Araranguá;CENTRO DE EDUCACAO PROFISSIONAL SENAC ARARANGUA;62.0;2024-02-05
2024;Sul;SC;Blumenau;FACULDADE DE TECNOLOGIA SENAC BLUMENAU;294.0;2024-01-22
2024;Sul;SC;Brusque;CENTRO DE EDUCACAO PROFISSIONAL SENAC DE BRUSQUE;218.0;2024-02-05
2024;Sul;SC;Caçador;FACULDADE SENAC DE CACADOR;181.0;2024-02-05
2024;Sul;SC;Canoinhas;SENAC CANOINHAS;36.0;2024-02-05
2024;Sul;SC;Chapecó;FACULDADE DE TECNOLOGIA SENAC CHAPECO;367.0;2024-01-22
2024;Sul;SC;Concórdia;FACULDADE SENAC CONCORDIA;227.0;2024-02-19
2024;Sul;SC;Criciúma;FACULDADE SENAC CRICIUMA;338.0;2024-02-05
2024;Sul;SC;Curitibanos;SENAC SERVICO NACIONAL DE APRENDIZAGEM COMERCIAL;66.0;2024-02-19
2024;Sul;SC;Florianópolis;SENAC DE FLORIANOPOLIS;116.0;2024-01-06
2024;Sul;SC;Florianópolis;SENAC SAUDE E BELEZA;22.0;2024-01-06
2024;Sul;SC;Itajaí;SERVICO NACIONAL DE APRENDIZAGEM COMERCIAL - SENAC DE ITAJAI;121.0;2024-02-19
2024;Sul;SC;Joaçaba;SERVICO NACIONAL DE APRENDIZAGEM COMERCIAL - SENAC - JOACABA;221.0;2024-02-14
2024;Sul;SC;Joinville;SENAC DE JOINVILLE;506.0;2024-02-05
2024;Sul;SC;Lages;SENAC DE LAGES;206.0;2024-02-19
2024;Sul;SC;Mafra;SENAC DE MAFRA;121.0;2024-01-22
2024;Sul;SC;Palhoça;CENTRO DE ED PROFISSIONAL SENAC PALHOCA;465.0;2024-01-10
2024;Sul;SC;Porto União;SERVICO NACIONAL DE APRENDIZAGEM COMERCIAL - SENAC PORTO UNIAO;295.0;2024-01-22
2024;Sul;SC;Rio do Sul;SENAC;122.0;2024-02-05
2024;Sul;SC;São Bento do Sul;SENAC DE SAO BENTO DO SUL;74.0;2024-01-25
2024;Sul;SC;São Miguel do Oeste;SENAC DE SAO MIGUEL DO OESTE;151.0;2024-02-26
2024;Sul;SC;Tubarão;FACULDADE DE TECNOLOGIA SENAC TUBARAO;180.0;2024-02-19
2024;Sul;SC;Xanxerê;SERVICO NACIONAL DE APRENDIZAGEM COMERCIAL SENAC;118.0;2024-01-20
2024;Sul;RS;Bagé;SENAC BAGE;314.0;2024-02-19
2024;Sul;RS;Cachoeira do Sul;ESC EDUC PROF SENAC CACHOEIRA DO SUL;87.0;2024-02-05
2024;Sul;RS;Camaquã;ESC EDUC PROF SENAC CAMAQUA;50.0;2024-01-02
2024;Sul;RS;Canoas;SENAC CANOAS;48.0;2024-01-15
2024;Sul;RS;Carazinho;EEP SENAC CARAZINHO;60.0;2024-03-04
2024;Sul;RS;Caxias do Sul;SENAC CAXIAS DO SUL;155.0;2024-02-19
2024;Sul;RS;Cruz Alta;SERVICO NACIONAL DE APRENDIZAGEM COMERCIAL SENAC AR RS;20.0;2024-01-02
2024;Sul;RS;Erechim;SENAC - SERV NAC APREND COMERCIAL - ERECHIM;89.0;2024-01-09
2024;Sul;RS;Farroupilha;EEP SENAC FARROUPILHA;75.0;2024-01-02
2024;Sul;RS;Gravataí;SENAC GRAVATAI;273.0;2024-02-05
2024;Sul;RS;Ijuí;SERVICO NACIONAL DE APRENDIZAGEM COMERCIAL - SENAC IJUI;39.0;2024-01-02
2024;Sul;RS;Montenegro;EEP SENAC MONTENEGRO;59.0;2024-01-02
2024;Sul;RS;Novo Hamburgo;SENAC NOVO HAMBURGO;60.0;2024-01-01
2024;Sul;RS;Passo Fundo;ESCOLA DE EDUCACAO PROFISSIONAL SENAC PASSO FUNDO;66.0;2024-01-08
2024;Sul;RS;Pelotas;ESCOLA DE EDUCACAO PROFISSIONAL SENAC PELOTAS;258.0;2024-01-02
2024;Sul;RS;Porto Alegre;SENAC TECH;333.0;2024-02-05
2024;Sul;RS;Porto Alegre;EEP SENAC COMUNIDADE;100.0;2023-10-02
2024;Sul;RS;Porto Alegre;SENAC RIO GRANDE DO SUL;36822.0;2023-05-31
2024;Sul;RS;Porto Alegre;SENAC SAUDE;433.0;2024-01-22
2024;Sul;RS;Rio Grande;SENAC RIO GRANDE;504.0;2024-02-19
2024;Sul;RS;Santa Cruz do Sul;ESCOLA DE ENSINO MEDIO E TECNICO SENAC SANTA CRUZ;158.0;2024-02-19
2024;Sul;RS;Santa Maria;SENAC SANTA MARIA;75.0;2024-01-15
2024;Sul;RS;Sant'Ana do Livramento;EEP SENAC SANTANA DO LIVRAMENTO;211.0;2024-01-01
2024;Sul;RS;Santa Rosa;ESC EDUC PROF SENAC SANTA ROSA;53.0;2024-02-05
2024;Sul;RS;Santo Ângelo;EEP SENAC SANTO ANGELO;156.0;2024-01-22
2024;Sul;RS;São Leopoldo;EEP SENAC SAO LEOPOLDO;408.0;2024-01-08
2024;Sul;RS;São Luiz Gonzaga;EEP SENAC SAO LUIZ GONZAGA;7.0;2024-01-29
2024;Sul;RS;Taquara;ESC EDUC PROF SENAC TAQUARA;44.0;2023-10-23
2024;Sul;RS;Tramandaí;ESC EDUC PROF SENAC - TRAMANDAI;186.0;2024-01-02
2024;Sul;RS;Uruguaiana;ESCOLA DE EDUCACAO PROFISSIONAL SENAC URUGUAIANA;168.0;2024-01-29
2024;Sul;RS;Viamão;EEP SENAC VIAMAO;60.0;2024-01-03
2024;Centro-Oeste;MS;Campo Grande;CENTRO DE EDUCACAO PROFISSIONAL - SENAC CAMPO GRANDE;634.0;2024-01-09
2024;Centro-Oeste;MS;Campo Grande;CENTRO DE EDUCACAO PROFISSIONAL-SENAC TURISMO E GASTRONOMIA;7.0;2024-01-09
2024;Centro-Oeste;MS;Corumbá;CENTRO DE EDUCACAO PROFISSIONAL - SENAC CORUMBA;105.0;2024-01-09
2024;Centro-Oeste;MS;Dourados;CENTRO DE EDUCACAO PROFISSIONAL - SENAC DOURADOS;94.0;2024-01-09
2024;Centro-Oeste;MS;Ponta Porã;SENAC PONTA PORA;29.0;2024-01-09
2024;Centro-Oeste;MS;Três Lagoas;CENTRO DE EDUCACAO PROFISSIONAL - SENAC TRES LAGOAS;162.0;2024-01-09
2024;Centro-Oeste;MT;Sinop;CEP SENAC SINOP;103.0;2023-06-01
2024;Centro-Oeste;GO;Aparecida de Goiânia;SENAC - CENTRO DE EDUCACAO PROFISSIONAL EM APARECIDA DE GOIANIA;99.0;2024-01-08
2024;Centro-Oeste;GO;Caldas Novas;SENAC - CENTRO DE EDUCACAO PROFISSIONAL VALERIA JAIME PEIXOTO PERILLO;250.0;2024-01-02
2024;Centro-Oeste;GO;Catalão;SENAC - CENTRO DE EDUCACAO PROFISSIONAL CATALAO;253.0;2024-01-22
2024;Centro-Oeste;GO;Goiânia;SENAC - CENTRO EDUCACAO PROFISSIONAL CORA CORALINA;166.0;2024-01-08
2024;Centro-Oeste;GO;Goiânia;SENAC - CENTRO DE EDUCACAO PROFISSIONAL ELIAS BUFAICAL;178.0;2023-06-01
2024;Centro-Oeste;GO;Jataí;SERVICO NACIONAL DE APRENDIZAGEM COMERCIAL - SENAC;313.0;2024-01-02
2024;Centro-Oeste;GO;Mineiros;CENTRO DE EDUCACAO PROFISSIONAL DONA NICINHA - SENAC;273.0;2024-01-08
2024;Centro-Oeste;GO;Quirinópolis;SENAC CENTRO DE EDUCACAO PROFIS ONICIO RESENDE;137.0;2024-01-15
2024;Centro-Oeste;DF;Brasília;C DE EDUC PROFISSIONAL SENAC - PLANO PILOTO;859.0;2024-02-06
2024;Centro-Oeste;DF;Brasília;CEP SENAC - TAGUATINGA;575.0;2024-01-02
2024;Centro-Oeste;DF;Brasília;SERVICO NACIONAL DE APRENDIZAGEM COMERCIAL - SENAC JOAQUIM LOIOLA - GAMA;226.0;2024-01-02
2024;Centro-Oeste;DF;Brasília;C DE EDUC PROFISSIONAL SENAC TECNOLOGIA DO TURISMO E HOSPITALIDADE;79.0;2024-02-06
2024;Centro-Oeste;DF;Brasília;C DE EDUC PROFISSIONAL SENAC - SOBRADINHO;273.0;2024-02-06
2024;Centro-Oeste;DF;Brasília;C DE EDUC PROFISSIONAL SENAC - JESSE FREIRE;1465.0;2024-02-06
